area,name,lat,lng,type,rating,user_ratings_total,vicinity
CBD,Nairobi,-1.2920659,36.8219462,mall,,,Nairobi
CBD,Sarova Stanley Nairobi - 5 Star Hotel,-1.2842084,36.8228685,mall,4.6,8914.0,"Junction Of Kenyatta Avenue and, Kimathi Street, Nairobi"
CBD,Nairobi Apartments,-1.2920659,36.82194619999999,mall,4.2,106.0,"Mokhtar Nairobi KE, Dahha Street, Nairobi"
CBD,Laico Regency,-1.2849312,36.81649889999999,mall,4.2,3201.0,"Nairobi Central Loita St, Uhuru Highway, Nairobi"
CBD,Hotel Central Park & Conference Center,-1.2849975,36.8277109,mall,4.0,1825.0,Sheikh Karume Rd
CBD,Hillpark Hotel,-1.3002043,36.82041539999999,mall,4.3,2037.0,"Lower Hill Road, Nairobi"
CBD,680 Hotel,-1.2855361,36.8206643,mall,4.1,1627.0,"Muindi Mbingu Street, Nairobi"
CBD,Oakwood Hotel,-1.2841033,36.823441,mall,3.9,110.0,"Elite Hse, Starehe"
CBD,Nairobi Serena Hotel,-1.2870297,36.8145232,mall,4.7,5731.0,"Kenyatta Avenue, Nairobi"
CBD,Ambassadeur Hotel,-1.2855752,36.8260672,mall,4.1,3897.0,"PR7G+QC3, Moi Avenue, Nairobi"
CBD,Kenya Airways,-1.2847831,36.8178624,mall,3.9,232.0,"Barclays Plaza, 11 th Floor"
CBD,Laury-Ntines Salon,-1.287414,36.82478800000001,mall,,,"Reinsurance Plaza, Aga Khan Walk, Nairobi"
CBD,Classic Movie House,-1.2872829,36.8283892,mall,,,"PR7H+39J, Nairobi CBD, Mfangano Street, Nairobi City"
CBD,Mumbu Holding,-1.2847546,36.8245282,mall,4.0,2.0,"Norwich Union House, Off Kimathi Lane, Nairobi"
CBD,GeoMara @ West Heights Junction Mall,-1.2920659,36.82194619999999,mall,,,Mararo Avenue West Heights B26 9th floor
CBD,Telecommunications Solution Centre,-1.2841727,36.82376579999999,mall,3.5,8.0,"Old Mutual Building, Kimathi Kimathi Street, Nairobi"
CBD,Paris Hotel,-1.286387,36.827732,mall,4.0,504.0,"Mfangano Street, Nairobi"
CBD,GLORIOUS HOTELS/RESTAURANTS DESTINATION,-1.286695,36.816937,mall,,,"27502-00100, Kenya"
CBD,Arkland hotel * YOHOH,-1.2867322,36.8270136,mall,,,"Roland Ngala Junction, Nairobi"
CBD,Nairobi Central,-1.2800161,36.8191878,mall,,,Nairobi Central
CBD,The Technical University Of Kenya,-1.2912589,36.8252937,mall,4.4,1380.0,Haile Selassie Avenue Entrance on Workshop Road
CBD,CarMax (East Africa) Ltd,-1.2920659,36.82194619999999,mall,4.2,77.0,"Msa Rd, Nairobi"
CBD,Geminia Insurance Co Ltd - CBD Branch,-1.2908941,36.823204,mall,4.1,30.0,"Agip House, 3rd Floor, P. O. Box 61316, Nairobi"
CBD,Kenyatta University-City Centre Campus,-1.2913675,36.8227654,mall,4.2,160.0,Starehe
CBD,Platinum Credit-County,-1.2921098,36.8212145,mall,4.5,2.0,"PR5C+5F4, County Road, Nairobi"
CBD,M-Pesa National Oil Corporation of Kenya,-1.290864,36.823371,mall,,,"Agip House, Ground Floor, Nairobi Cbd, Nairobi"
CBD,M-Pesa Tekalu Logistics,-1.2920659,36.82194619999999,mall,,,"Ngecha Shopping Centre, Ngecha, Nairobi"
CBD,Co-operative Bank - Parliament Road,-1.2914922,36.82182470000001,mall,3.5,4.0,"P.O. Box 5772, Nairobi"
CBD,Finance Department,-1.2911383,36.8226743,mall,,,Kenya
CBD,Danitum Property Agency,-1.2925345,36.8223681,mall,,,"Nairobi Central Haile Selassie Avenue Laptrust building, Nairobi"
CBD,SAFARICOM SHOP JKIA,-1.2915508,36.8224032,mall,3.3,6.0,Jomo Kenyatta International Airport (Lounges Gate 6 and Gate 11
CBD,M-Pesa Danpharm,-1.2920659,36.82194619999999,mall,,,"Nyamakima,Mololine Stage, Nairobi"
CBD,AMANI GROCERY,-1.2910186,36.82101100000001,mall,4.0,2.0,"Rhoda Street, Rhoda Nakuru, Close to the Nyokima Mattresses County Lane, Nairobi City"
CBD,Pillar Technologies,-1.292065,36.821946,mall,3.0,1.0,Kenya
CBD,Airtel Money Bonacom Ltd,-1.290741,36.821692,mall,,,"Ground Floor, Wing - C, No. W 19, Embassy House, Harambee Avenue, Nairobi"
CBD,KCB ATM - Haile Selassie,-1.29139,36.82260899999999,mall,5.0,1.0,"Haile Selassie, Nairobi"
CBD,Public Service Commission Of Kenya,-1.2895832,36.8220329,mall,4.6,92.0,"Harambee Avenue, Nairobi"
CBD,Aic Dandora Academy,-1.2910525,36.8215563,mall,,,"Komarock Rd Dandora Nairobi Located close to the kpcu Parliament Road, Nairobi City"
CBD,Accord Tailors & Outfitters,-1.2923504,36.822693,mall,,,"PR5F+334, Nairobi City"
CBD,Alex Maniki,-1.2917403,36.8211012,mall,5.0,1.0,"nairobi, Kenya County Road, Nairobi"
CBD,TIMELY RESPONSE LOGISTICS,-1.2927754,36.82235109999999,mall,,,"Nairobi embu centre 1st floor suite8 jansala road opp khodja rlabrut Kenya Station Road, Nairobi"
CBD,Antiques & Knick Knack,-1.2921627,36.8226112,mall,,,Kenya
CBD,Tindi Munyasi & Company Advocates,-1.2907777,36.8214153,mall,1.0,1.0,"Embassy House, Parliament Road, Nairobi"
CBD,Bititec Systems & Suppliers,-1.2908648,36.8233985,mall,4.3,22.0,"Agip House, 1st Floor, Entrance A Nairobi KE, Haile Selassie Avenue, Nairobi"
CBD,Jesus Is Alive Ministries,-1.2910474,36.8239407,mall,4.5,75.0,"Haile Selassie Avenue, Nairobi"
CBD,SWANK AFRICAN FASHION,-1.2925971,36.82263139999999,mall,,,Kenya
CBD,M-Pesa 3G Telecoms,-1.29169,36.822084,mall,,,"Cannon House, Nairobi"
CBD,PesaPoint ATM KCB - Haile Sellasie,-1.29132,36.822829,mall,,,"Haile Selassie Avenue, Nairobi"
CBD,Association Of Profesional Societies In East Africa,-1.291505,36.821471,mall,4.3,12.0,"The Professional Centre Starehe, Parliament Road, Nairobi"
CBD,M-Pesa Jogad Communication Ltd,-1.2920659,36.82194619999999,mall,,,"Kware, Pipeline, Nairobi"
CBD,Kenya China Organization,-1.2909903,36.8235182,mall,,,"Agip House, Wing B, 1st Floor, Suite No. 106, Haile Selassie Avenue, Nairobi City"
CBD,Baellery handbags,-1.2931645,36.8222261,mall,3.6,106.0,MFANGANO TRADE CENTER
CBD,"M-Pesa Kimage Traders,Golf course communication Bureau",-1.2920659,36.82194619999999,mall,,,"Near Line Saba, Ngumo Stage, Nairobi"
CBD,M-Pesa Generations Electronics,-1.2920659,36.82194619999999,mall,,,"Along Garissa - Nairobi Main Road, Mwingi"
CBD,M-Pesa Archman holdings,-1.2920659,36.82194619999999,mall,,,"1st Floor, Nhif, Nhif Building, Nairobi"
CBD,Discount Tours & Travel Ltd,-1.2920659,36.82194619999999,mall,,,"1st Floor, Union Towers"
CBD,Political Parties Disputes Tribunal,-1.2920659,36.82194619999999,mall,5.0,1.0,Nairobi
CBD,M-Pesa Bybarwaqwo Communications Ltd,-1.2920659,36.82194619999999,mall,,,"Near Danga Hotel, Ruiru"
CBD,Postbank Kenyatta Market Branch,-1.2915985,36.8221108,mall,5.0,1.0,"Cannon House, Nairobi"
CBD,Baylem Ltd,-1.2907562,36.82169659999999,mall,5.0,1.0,"Baylem Limited, at Ngong Road, and, Menelik Road, Nairobi"
Karen,The Boma Nairobi,-1.3241532,36.8334901,mall,4.5,5107.0,"00100, Bellevue, Off Mombasa Road, 00200-60705 Red Cross Road, Nairobi"
Karen,Saab Royale Hotel - South C,-1.3141362,36.8282993,mall,4.3,409.0,Ndekwa Ave
Karen,Upper Hill Hotel,-1.3049302,36.8115641,mall,3.7,338.0,"Off Mawensi Road, Nairobi"
Karen,Crowne Plaza Hotel,-1.3003408,36.81531299999999,mall,4.5,5195.0,"MRX8+V48, Nairobi"
Karen,Capital Heights Hotel,-1.303845399999999,36.8101919,mall,4.0,619.0,"Hospital Road, Nairobi"
Karen,Kenya National Federation of Agricultural Producers,-1.3132018,36.8161404,mall,2.0,1.0,"MRP8+PF6, Nairobi"
Karen,Bid B&B,-1.3204154,36.82337159999999,mall,,,"5 Star Estate, Nairobi"
Karen,Fancy Mum & Kids Wear,-1.3164715,36.8342873,mall,,,"MRMM+CP7, Mombasa Road, Nairobi"
Karen,Varian Inc,-1.3018386,36.8229579,mall,,,"P. O. Box 21610 Masaba Road, Nairobi"
Karen,Wilson Airport,-1.319185,36.817648,mall,4.3,1879.0,"Wilson Airport, Karen, Langata Road, Nairobi"
Karen,Mvuli House - B&B,-1.3061394,36.82383,mall,4.0,405.0,"A 109, Nairobi"
Karen,Milele Hotel,-1.3123438,36.8249974,mall,4.1,630.0,"MRQF+2XJ, Muhoho Avenue, Nairobi"
Karen,Strathmore Business School,-1.3102143,36.8126046,mall,4.6,110.0,"MRQ7+W29, Ole Sangale Road, Nairobi City"
Karen,Bellevue Estate,-1.3204067,36.8375636,mall,4.1,59.0,"MRHQ+R2P, Popo Road, Nairobi"
Karen,Kenyatta National Hospital,-1.3020942,36.8076643,mall,3.9,451.0,"Hospital Road, Nairobi"
Karen,Summerdale Inn,-1.3077525,36.8212351,mall,4.1,1019.0,"Summerdale Inn, Gandhi Avenue, Nairobi"
Karen,KARIBU KWETU,-1.3004822,36.82623820000001,mall,,,Mumias - Bungoma Road 249 NAIROBI KE
Karen,National Park,-1.3569641,36.8465564,mall,,,Mugumoini
Karen,Amani Counselling Centre & Training Institute,-1.3134616,36.8130867,mall,3.5,39.0,"Raila Odinga Way, Nairobi"
Karen,Relax Safari Hotel,-1.3126227,36.81912,mall,5.0,2.0,"MRP9+XJ5, Mai Mahiu Road, Mai Mahiu"
Karen,Ubuntu Place,-1.3085182,36.8134697,mall,,,"MF 30, Madaraka Estate, Ole Sangale Road, Nairobi"
Karen,Madaraka Guest Apartments,-1.3076606,36.81958909999999,mall,4.3,3.0,"City Centre, Ole-Sangale Link Road, Nairobi"
Karen,The Management University Of Africa,-1.3283534,36.8292929,mall,4.4,133.0,"South C, Popo Road"
Karen,Phoenix Aviation,-1.318127,36.8129082,mall,4.8,38.0,"Langata Road, Nairobi"
Karen,Nairobi West Prison,-1.316377,36.8103663,mall,,,Nairobi
Karen,Interstates Cargo Courier,-1.3169514,36.8151102,mall,,,"Wilson Business Park, Wilson Airport, 2 Langata Road, Nairobi City"
Karen,Gertrude's Children's Hospital - Nairobi West Clinic,-1.3123503,36.8166191,mall,3.2,46.0,Tmall
Karen,The Nairobi South Hospital,-1.3138048,36.82848860000001,mall,3.5,170.0,"Muhoho Avenue, Nairobi"
Karen,Ramani Communication Ltd,-1.3166401,36.81423950000001,mall,5.0,1.0,"Wilken House, Wilson Airport, P. O. Box 15353 Langata Road, Nairobi"
Karen,"Management Science Building, Strathmore University",-1.3108641,36.8143345,mall,4.7,11.0,"MRQ7+MP4, Nairobi"
Karen,Kenya Industrial Research And Development Institute,-1.3226129,36.8314891,mall,4.6,135.0,South C Nairobi KE
Karen,"Kikoy Co Ltd, The",-1.3203543,36.81040479999999,mall,4.0,1.0,"Nairobi West Wilson Airport road Titan Hangar, Nairobi"
Karen,Home Products Limited,-1.3143253,36.8174848,mall,5.0,1.0,"MRP8+7X9, Mai Mahiu Road, Nairobi"
Karen,Kenya School Of Flying,-1.317545,36.81601200000001,mall,4.7,101.0,"Karen, Langata Road, Nairobi"
Karen,Silverscreen Pictures,-1.3146498,36.8164127,mall,,,"Kogo Star Plaza, Off Langata Road, Mai Mahiu Road"
Karen,Z. Boskovic Air Charters,-1.3207462,36.8098018,mall,4.6,65.0,"Wilson Airport, Langata Road, Nairobi"
Karen,Kenya Water Institute,-1.3154216,36.82430159999999,mall,4.4,230.0,"Ole Shapara Avenue, KEWI"
Karen,Wilson Business Park,-1.3164304,36.8149817,mall,4.4,585.0,Nairobi City
Karen,Everett Aviation Ltd,-1.3206248,36.8099754,mall,4.3,10.0,"P.O. Box 40813, Nairobi"
Karen,Viringa Services,-1.312215,36.8116719,mall,,,"Madaraka Estate, Akila, No. 1 Estate, Suite No. 96, Ole Sangale Link Road, Off Mbagathi Way, Nairobi City"
Karen,Duncal Properties Ltd,-1.3142625,36.8174769,mall,,,"Nairobi West Off Langata Rd West End Place, Nairobi"
Karen,M-Pesa windsor golf club,-1.3224253,36.8196442,mall,,,"Ridgeways-Windsor Hotel, Nairobi West, Nairobi"
Karen,PesaPoint POS Madaraka Caltex Service Station Ltd,-1.308477,36.818667,mall,,,"Langata Road, Madaraka Estate, Nairobi"
Karen,"Virtual Coaching, Forex Consulting",-1.3106467,36.82503120000001,mall,4.0,4.0,Nairobi
Karen,Thaeclipse Entertainment,-1.3183289,36.8239725,mall,5.0,2.0,"Rangers Court, Nairobi"
Karen,Kwetu home of peace,-1.3091097,36.8112346,mall,4.2,38.0,"Ole-Sangale Link Road, Nairobi"
Karen,CTM Travel Lufthansa City Center,-1.3101057,36.81309100000001,mall,3.9,11.0,"Ole Sangale Rd., Madaraka Estate Strathmore University, Students' Center, 1st Floor. Box 35797 Nairobi KE"
Karen,Bluesky Aviation,-1.3196911,36.8171087,mall,5.0,1.0,"MRJ8+4RH, Wilson Airport, Langata Road, Mombasa, Nairobi City"
Karen,Yellow Wings Air Services Ltd,-1.3203284,36.8102614,mall,4.5,66.0,"Lengai House II Wilson Airport, Langata Road, Nairobi"
Karen,Kenya Archery,-1.3092362,36.81448,mall,5.0,4.0,"Keri Road, Nairobi"
Karen,M-Pesa Makro Communication,-1.317,36.825,mall,,,"Mitumba Village, South C-Mitumba Slum, Nairobi"
Karen,Horticultural Ethical Business Initiative,-1.3167981,36.814781,mall,,,"7th Floor, Titan Building, Chaka Road, P. O. Box 27790, Nairobi"
Karen,Conventual Franciscan Friars,-1.3242174,36.8225176,mall,4.5,4.0,"MRGF+826, Nairobi City"
Karen,"David Chola, Architect (Adroit Architecture)",-1.3134401,36.8169715,mall,4.8,22.0,"Crystal Building, 2nd Floor Mai Mahiu Road, off Mbagathi Roundabout"
Karen,PesaPoint POS Rangechem Pharmaceutical - Tmall,-1.312118,36.817127,mall,,,"Tuskys T - Mall, Langata Road, Nairobi"
Karen,NINETY NINES FLYING SCHOOL,-1.3173461,36.8152224,mall,4.8,53.0,"MRM8+339, Nairobi"
Karen,DG OASIS,-1.3256515,36.8231682,mall,4.6,36.0,"MRFF+P7M, Muhoho Road, Nairobi"
Karen,Air Traffic Ltd,-1.3203943,36.81028579999999,mall,4.2,5.0,"Viwandani Langata Rd Lengai Hse, Wilson Airport Makadara"
Kasarani,Safari Park Hotel & Casino,-1.2267451,36.8828346,mall,4.6,11297.0,Nairobi City
Kasarani,United States International University Africa,-1.2180945,36.87921389999999,mall,4.6,948.0,"USIU Road, Off Thika Road (Exit 7"
Kasarani,Mama Nduta,-1.2513727,36.88957449999999,mall,5.0,1.0,Kenya
Kasarani,The Nest Place,-1.2363331,36.8751359,mall,4.3,12.0,"QV7G+F36, Off Thika superhighway Garden Estate, Thika Road"
Kasarani,Murphy Chemicals (East Africa) Ltd,-1.2443111,36.88482690000001,mall,4.6,10.0,"Murphy Chemicals E A Premises, Baba Dogo Road, Nairobi"
Kasarani,"Sai Raj Limited - Baba Dogo Road, Ruaraka",-1.24241,36.88118000000001,mall,4.5,263.0,"Baba Dogo Road, Nairobi"
Kasarani,A-Plus Motors-Thika Road Branch,-1.2273338,36.88198979999999,mall,4.0,31.0,"Thika Road, Nairobi"
Kasarani,Regal Pharmaceuticals Ltd,-1.2460403,36.87666979999999,mall,3.9,19.0,"Road 1, off Baba dogo Road"
Kasarani,In House Decor,-1.2439725,36.8774825,mall,5.0,1.0,"QV4G+CX9, Off Thika Road, Baba Dogo Road, Nairobi City"
Kasarani,Jah Works Arts Gallery,-1.2370004,36.8718781,mall,4.5,2.0,Umoja 2
Kasarani,Baba Dogo Primary School,-1.2433996,36.88648309999999,mall,3.2,24.0,"Baba Dogo, P.O Box 10347, Nairobi City"
Kasarani,The Luke Hotel- NAIROBI,-1.23476,36.8711776,mall,4.1,1513.0,"Garden Estate Road, Off Thika Road, Nairobi"
Kasarani,Centre for Alternative Technologies Ltd (CAT),-1.2416485,36.87868489999999,mall,4.3,27.0,"Abacus Lane, Baba Dogo Road. 2 Ruaraka Business Park Box 64921, Nairobi"
Kasarani,The Most Famous Cake Shop,-1.226868,36.8847741,mall,5.0,2.0,"1st Floor, Gothen Building, Close to The Kenya Tents Ltd., Thika Road, Nairobi City"
Kasarani,BAKPHARM LTD,-1.244614,36.8813094,mall,3.5,4.0,"Kenafric Business Park, Nairobi"
Kasarani,Mill Bakers Ltd,-1.2476713,36.8824311,mall,4.3,36.0,Nairobi
Kasarani,JCB Kenya - Ganatra Plant & Equipment Ltd.,-1.2444038,36.8831007,mall,4.3,121.0,Box 31024 Baba Dogo Road
Kasarani,PesaPoint POS Oil Libya Electro Systems,-1.2434913,36.880434,mall,,,"Baba Dogo Road, Nairobi"
Kasarani,Survey,-1.2567109,36.8586637,mall,,,Ruaraka
Kasarani,Elite Trailers Limited,-1.2404054,36.88794660000001,mall,3.7,3.0,"QV4J+J52, baba dodo, Nairobi"
Kasarani,Oshwal Wholesalers (K) Ltd,-1.2415792,36.8760532,mall,4.1,28.0,"Baba Dogo Road, Nairobi"
Kasarani,PesaPoint ATM Uchumi Jipange,-1.232015,36.875674,mall,1.0,1.0,"Uchumi Jipange, Thika Road, Garden Estate, Thika Road, Nairobi"
Kasarani,Airtel Money Stima Expertees,-1.23179,36.875953,mall,5.0,1.0,"Next To Jambo Grill Hotel, Thika Road, Nairobi"
Kasarani,Mountain View School,-1.223568,36.8779715,mall,4.5,90.0,"Mountain View School, USIU Road, Nairobi"
Kasarani,East African Foundry Works (K) Ltd,-1.2436829,36.8804292,mall,4.6,21.0,"P.O.Box 48624 Baba Dogo Road, Nairobi"
Kasarani,PesaPoint POS Acacia Jubilee Insurance - Baba Dogo,-1.244398,36.88408,mall,,,Nairobi
Kasarani,Radio Waumini,-1.2273364,36.8826474,mall,4.4,152.0,"NATIONAL YOUTH CENTRE, Babadogo THIKA, Nairobi"
Kasarani,Airtel Money Thome Hardware,-1.228808,36.879665,mall,,,"After Jambo Grill, Forest Road, Nairobi"
Kasarani,Airtel Money Salama Motors,-1.229784,36.877884,mall,,,"Next To Homeland Hotel, Forest Road, Salama Motors, Nairobi"
Kasarani,M-Pesa Transport and Lifting Services,-1.2374236,36.8822,mall,,,Kenya
Kasarani,Mustard Projectors and Communication Services,-1.243278,36.881699,mall,,,"1st Floor, Laichem House, P. O. Box 70924 Baba Dogo Road, Nairobi"
Kasarani,PesaPoint POS Traron Enterprises - Ngumba,-1.232476,36.883785,mall,,,Nairobi
Kasarani,Richman Pork Butchery,-1.243294,36.868897,mall,4.2,6.0,"QV49+MHJ, Thika Road, Opposite Nyani House, On Your Way To Isili, Nairobi"
Kasarani,Narrow Gate Apostolic Ministries,-1.2443533,36.8832493,mall,4.5,4.0,"QV4M+775, Road, Nairobi City"
Kasarani,Autoshow Ltd,-1.2385936,36.8711056,mall,4.8,6.0,"Along Thika Road, Opposite Roasters INN, Entrace To Kenya Breweries, Nairobi City"
Kasarani,Hyperteck Electrical Services Ltd,-1.2275145,36.8814659,mall,4.6,25.0,"Thika Road Super Highway.exit 7 Next To Crescent Petrol Station,(just, Before Safari Park Hotel), Post office Box 15537-00100., Nairobi"
Kasarani,Kenya Seed Company,-1.2444342,36.8842113,mall,4.6,36.0,"Near Ruaraka Police Station, Next To Bank Of Africa, Along Baba Dogo Road, Baba Dogo, Nairobi"
Kasarani,Harvesters Caterers,-1.2341123,36.874752,mall,4.4,10.0,"P.O Box No. 901, Ruaraka, Thika Road, Nairobi"
Kasarani,Ngeshngesh,-1.2307261,36.8764742,mall,,,"QV9G+PH5, Thika Road, Nairobi"
Kasarani,Symo Fresh Milk Distributors,-1.228599,36.8785876,mall,,,"QVCH+HC8, Near Sports View Hotel Junction, Kasarani, Nairobi"
Kasarani,Future Star Beauty Salon,-1.231079,36.887195,mall,5.0,1.0,"QV9P+HV8, Near Sports View Junction, Nairobi"
Kasarani,Rampel Designs Ltd,-1.2441275,36.8830997,mall,,,"Baba Dogo Road, Nairobi"
Kasarani,Dense Gas Logistics & Kerosene,-1.2299237,36.8775254,mall,,,"QVCH+22J, Near Sports Vew Hotel Junction, Kasarani, Nairobi City"
Kasarani,M-Pesa Top Connection,-1.2333829,36.8851301,mall,,,"Ngumba Estate Opposite Mother Teresa Sisters, Ngumba, Nairobi"
Kasarani,Ampol Ventures Ltd,-1.234101,36.870722,mall,3.0,3.0,"Victory House, Ground Floor, Nairobi"
Kasarani,Airtel Money Coach Barbers,-1.23239,36.883742,mall,5.0,1.0,"Ground Floor, Morphic Towers, Gumba Shopping Centre, Forest Road, Nairobi"
Kasarani,"Team Building in Kenya, Team Building Venues in Kenya, Team Building Companies in Kenya Masai Africa Safaris Ltd, Team Building Kenya, Team Building Trainers in Nairobi, Team Building Trainers in Mombasa, Team Building Venues in Mombasa, Team Building, Trainers in Naivasha,",-1.2326904,36.8736154,mall,5.0,8.0,"3rd Floor, Mountain Mall Naivas, Thika Road, Nairobi"
Kasarani,L. G. Harris & Co(EA) Ltd.,-1.2410623,36.88786569999999,mall,4.6,20.0,"Baba Dogo Road, Nairobi"
Kasarani,PesaPoint POS Express Supermarket,-1.2336809,36.884345,mall,,,"Ngumba Market, Ngumba Estate, Nairobi"
Kasarani,Twilight Movie Libraries,-1.2443251,36.8840875,mall,4.0,1.0,"QV4M+7J8, Nairobi"
Kasarani,PesaPoint ATM KCB - Kariobangi,-1.245959,36.88304,mall,3.5,2.0,"Rd, Nairobi"
Kasarani,Orange Pharma Ltd,-1.24351,36.88214249999999,mall,2.5,2.0,"Baba Dogo Road, Nairobi"
Kasarani,Celah Records,-1.2323036,36.8753193,mall,4.5,2.0,"Mwalimu House Building, 1st Floor, Next To Classic Grill, Uchumi Jipange, Thika Road, Nairobi City"
Kasarani,PesaPoint POS Lily White Product,-1.244608,36.887025,mall,,,"Baba Dogo Road, Ruaraka"
Kasarani,Lancom Cultural Center,-1.2270042,36.8821236,mall,,,"QVFJ+5RX, Off, Thika Road, Nairobi City"
Kasarani,A Flame Of Joy Centre,-1.2437729,36.88040199999999,mall,,,"P. O Box No. 00 CN 818 -184,Located Close To The Ebenezer Chemist, Kariandudu Road Baba Dogo Road, Nairobi City"
Kasarani,Stanford Beauty Salon,-1.2441897,36.8781853,mall,3.3,3.0,"QV4H+87F, Groundfloor lucky summer, Baba Dogo Road, Nairobi"
Kasarani,Sufuri Cycles Ltd,-1.2332275,36.8729755,mall,,,"QV8F+P55, Waka Business Centre, Next to Uchumi Jipange Garden Estate, Thika Road, Nairobi City"
Kasarani,M-Pesa Nomad Transpares Ltd,-1.2456775,36.8814488,mall,,,"Stage 25, Baba Dogo, Baba Dogo Glucola"
Westlands,Godials Bed and Breakfast,-1.2895815,36.7832421,mall,4.2,44.0,"Kilimani Lenana, Galana Road, Nairobi"
Westlands,Alata Styles,-1.299171,36.7875407,mall,5.0,1.0,"Kilimani Ngong road Mecky place Dagoreti North, Nairobi"
Westlands,Truworths,-1.2927472,36.7879772,mall,,,Nairobi
Westlands,Lexy's Collection,-1.293195,36.7877455,mall,,,"Yaya Centre, Argwings Kodhek Road, Nairobi"
Westlands,Jamhuri Estate,-1.3000344,36.78088079999999,mall,4.1,601.0,"Ngong Road, Nairobi"
Westlands,SHAI SUITES,-1.2950895,36.78769279999999,mall,4.2,6.0,"Johari Apartments, Ring Road Kilimani, Nairobi"
Westlands,The Faraja Vista @Woodley,-1.3046705,36.7789849,mall,,,"Plus Code, Wamagata Road MQWH+9V, Nairobi"
Westlands,Yaya Centre,-1.2926914,36.78747630000001,mall,4.4,16426.0,"Argwings Kodhek Road, Nairobi"
Westlands,Steak And Ale Restaurant-Ngong Rd,-1.2983801,36.7899297,mall,3.5,11.0,"Kawangware George Padimore Ln Dundee Court, North"
Westlands,Bridge Apartment,-1.2909039,36.7804204,mall,4.8,4.0,"PQ5J+J5M, Kirichwa Road, Nairobi"
Westlands,Wuduria Hotel,-1.3011058,36.7877783,mall,4.2,108.0,"21908-00505 Mugo Kibiru Drive, Nairobi"
Westlands,Kilimani Central,-1.2986435,36.7905812,mall,5.0,1.0,"Casa Aacacia, Apartments"
Westlands,Bunkers Bio Centre,-1.3067126,36.78497849999999,mall,4.0,1.0,"MQVM+8X9, Nairobi"
Westlands,Jamhuri Posta Building,-1.3006587,36.77375979999999,mall,4.1,7.0,"25, Nairobi"
Westlands,Video One,-1.2931135,36.7880419,mall,2.3,13.0,"Ground Floor, Yaya Centre, Nairobi"
Westlands,Furnished Apartment Nairobi,-1.2892786,36.78693109999999,mall,5.0,3.0,Nairobi
Westlands,Anna Purna Guest House,-1.2987991,36.7932169,mall,3.0,1.0,"PQ2V+F7P, Kambur drive off ngong road, Nairobi"
Westlands,"Britam, Timau Plaza",-1.29223,36.789787,mall,5.0,3.0,"Timau Plaza, Nairobi"
Westlands,Golf Course,-1.3053436,36.79541469999999,mall,,,Golf Course
Westlands,Kilima Cha Alfajiri,-1.2944428,36.78320739999999,mall,3.7,3.0,"Menelik Road No 7 Floor 7 Yaya Brooks, Nairobi"
Westlands,"Fully Furnished Apartment, Kilimani",-1.294338,36.78178310000001,mall,4.0,1.0,"sapphire court apartment, Kirichwa Road, Nairobi"
Westlands,Golden Moon Star Hotel,-1.299256,36.77715999999999,mall,3.6,8.0,"Golden Moon Star Hotel, Ngong Road, Nairobi"
Westlands,"Gemina Court - Serviced apartments Nairobi, Kilimani",-1.2961353,36.7896277,mall,4.1,19.0,"Gemina Court, George Padmore Road, Nairobi"
Westlands,Stunning rooms in Nairobi,-1.2925399,36.7887548,mall,4.0,1.0,"Argwings Kodhek Road 3 Stock, Nairobi"
Westlands,East African Educational Publishers Ltd.,-1.2952673,36.77915719999999,mall,4.2,27.0,"Elgeyo Marakwet North, Nairobi"
Westlands,PesaPoint POS Arata Services - Prestige Plaza,-1.300695,36.787258,mall,,,"Prestige Plaza, Woodley Estate, Nairobi"
Westlands,Crowe Erastus & Co,-1.2994725,36.78352999999999,mall,4.6,21.0,"Morning Side Office Park, 2nd Floor (Wing B), City Square,, Ngong Road, Nairobi"
Westlands,Menelik Medical Centre,-1.296924,36.7838012,mall,3.6,38.0,"PQ3M+6GM, Menelik Road, Nairobi"
Westlands,New Trafford Serviced Apartments,-1.2988534,36.7822785,mall,4.3,8.0,"Corner Of Kilimani Road, Kirichwa Road, Opposite Nairobi Womens Hospital Nairobi City KE"
Westlands,Silver Bird,-1.3007382,36.7870116,mall,,,Kenya
Westlands,Rochman Properties Limited,-1.2991667,36.7835495,mall,4.5,30.0,"Morning Side Office Park, Ngong Road, Nairobi"
Westlands,Ecotact,-1.2941138,36.7843113,mall,4.6,5.0,"PQ4M+9P3, Eco house, Off Ngong Road,, Menelik Road, Nairobi"
Westlands,Association Of Consulting Engineers Of Kenya,-1.2982931,36.78670529999999,mall,4.9,8.0,"Commodore Office Suites, Kindaruma Road, Nairobi"
Westlands,Faulu Kenya,-1.3004961,36.7850824,mall,4.2,15.0,"Off Ngong Road, City square, Ngong Lane, Nairobi"
Westlands,Centre For Tropical & Travel Medicine,-1.299456,36.782331,mall,4.3,32.0,"Adams Arcade, Kirichwa Road, Ngong"
Westlands,CGTN Africa,-1.2905759,36.78571139999999,mall,4.4,22.0,"PQ5P+Q78, Nairobi"
Westlands,Lords Limited,-1.3007543,36.781674,mall,5.0,1.0,"Ground Floor, The Greenhouse Ngong Road, Nairobi City"
Westlands,Jayelle Styles,-1.300427,36.781786,mall,2.5,2.0,"MQXJ+RPF, Ngong Road, Adams Archade, The Green House, Nairobi"
Westlands,Indulge Nail and Beauty Lounge,-1.2938225,36.7815962,mall,3.0,1.0,"PQ4J+FJH, Kirichwa Road, Nairobi"
Westlands,M-Pesa K-REP Bank,-1.2951482,36.7862973,mall,,,"Wood Avenue, Nairobi"
Westlands,Islamic Relief Kenya Somalia Programme,-1.2982289,36.7821484,mall,4.3,20.0,"PQ2J+PV2, Kirichwa Road, Nairobi"
Westlands,Training Solutions Limited,-1.2921502,36.785463,mall,,,"PQ5P+45P, Wood Avenue, Nairobi City"
Westlands,Jesuits Of Eastern Africa,-1.2973389,36.7830898,mall,4.3,20.0,"Loyola House, Menelik Lane, Nairobi"
Westlands,Yaya Centre Exchange Bureau,-1.2927252,36.7871238,mall,4.0,34.0,"PQ4P+WR5, Nairobi"
Westlands,Momoviez,-1.300545,36.787179,mall,5.0,1.0,Kilimani Msapo Close Mayfair Business Centre
Westlands,Kenya Institute of Supplies Management (KISM),-1.3000612,36.7846638,mall,4.5,199.0,"KISM TOWERS , Ngong Road"
Westlands,Equity Bank opposite Yaya,-1.2924283,36.786668,mall,3.6,45.0,"PQ5P+2MF, Opposite Yaya Centre, Kilimani, Argwings Kodhek Road, Nairobi"
Westlands,EIM Solutions Ltd,-1.297987,36.78029799999999,mall,4.7,18.0,"Elgeyo Marakwet Close, Off Elgeyo Marakwet Road, Ngong Road, Nairobi City"
Westlands,REXE Roofing Products Ltd,-1.2955327,36.78536309999999,mall,4.8,170.0,"Taranaki Court, Off Chania Avenue, Nairobi"
Westlands,Free Pentecostal Fellowship of Kenya guest house,-1.2979762,36.7853097,mall,4.1,72.0,"Kindaruma Road, Nairobi"
Westlands,Mothersmile Dental Care,-1.2993183,36.7821449,mall,4.9,70.0,Junction Of Ngong Roads & Kirichwa Road Ngong Rd Adams Arcade Dagoretti South
Westlands,Maxlife Courrier Services,-1.3006711,36.7818913,mall,,,"MQXJ+PQJ, Kirichwa Lane, Nairobi"
Westlands,"Riena Kids Salon, Spa and Barbershop",-1.30039,36.78209209999999,mall,5.0,7.0,"MQXJ+RRW, Kirichwa Lane, Ngong Road, Nairobi"
Westlands,"Skybikes Shop,Kenya",-1.2951136,36.7859526,mall,1.0,1.0,"Chania Court, 42 Chania Avenue, Nairobi"
Westlands,Good Shepherd Africa Gospel Church,-1.299068,36.78947000000001,mall,4.6,291.0,"Ngong Road, North"
Westlands,Kenya Community Development Foundation (KCDF),-1.2991187,36.7834293,mall,4.1,66.0,"Morning Side Office Park, Nairobi"
Westlands,Leighton Tracking Ltd,-1.300006,36.78004099999999,mall,,,"Kilimani Ngong Road Adams Arcade, Nairobi, Kiambu"
Westlands,Africa Turnaround Limited,-1.2952673,36.77915719999999,mall,5.0,1.0,"Galana Road, Senteu Plaza, 6th Floor, Nairobi"
Westlands,Avenue Green House Medical Centre,-1.3005062,36.7820277,mall,3.8,14.0,"1st Floor, The Greenhouse, Ngong Road, Nairobi"
Embakasi,Emerald Homestay,-1.3108325,36.9074991,mall,4.3,14.0,"MWQ4+MX9, Nyayo Estate Gate A, Fanaka Close, Nairobi"
Embakasi,Francy's Place Near Airport,-1.307228,36.9072866,mall,,,"297 house, 72 Airport North Road, Nairobi"
Embakasi,Kwetu Apartment,-1.3116015,36.9067733,mall,5.0,2.0,Embakasi Road FAHARI ROAD
Embakasi,Mwatate Community Healthcare Centre,-1.309075,36.89250990000001,mall,4.4,8.0,"Kwa Njenga, Nairobi City"
Embakasi,Grace Furnished Apartment,-1.3044706,36.9082366,mall,,,Nairobi
Embakasi,Premier Homestay,-1.3043432,36.9084402,mall,2.8,5.0,Nairobi
Embakasi,Zuri's BnB,-1.3090985,36.9135159,mall,5.0,1.0,"Airport North Road Abadare 10, 2nd floor, Airview Apartments, next to Embakasi police station., Embakasi"
Embakasi,Tassia Hill High School,-1.3064066,36.8972375,mall,4.1,20.0,"MVVW+CVQ, Nairobi"
Embakasi,Bharti Kenya Limited,-1.3012208,36.9079363,mall,,,"MWX5+G57, Near Tnt, Nairobi City"
Embakasi,Alex Tiles Show Kariobangi,-1.3010922,36.9123572,mall,5.0,1.0,"MWX6+HW9, Embakasi constituency, Kariobangi, Nairobi"
Embakasi,Clinix Healthcare Embakasi,-1.3098419,36.9123003,mall,,,Nairobi City
Embakasi,Kenya Expresso Tours & Safaris,-1.3118525,36.9077655,mall,4.5,28.0,"Karibu Road, Court, Airport North Road, Nairobi"
Embakasi,German - African Tour & Safari Guide,-1.3001375,36.90823669999999,mall,,,"MWX5+W7X, Nairobi"
Embakasi,Star Tour Guides Ltd,-1.3012906,36.9109887,mall,5.0,2.0,"MWX6+F9Q, Nairobi"
Embakasi,Munjaltech Games Arcade,-1.3069003,36.89920839999999,mall,3.5,2.0,"MVVX+6MP, Nairobi"
Embakasi,Nyayo Estate Gate D,-1.3084703,36.9094957,mall,4.3,1492.0,Nairobi City
Embakasi,Tehillah Salon & Barber Shop,-1.3030539,36.90747529999999,mall,2.0,1.0,"Seasons Centre, 1st & 2nd Floor, Opposite Nyayo Estate, Nairobi City"
Embakasi,Fruitie & Vegges,-1.3072891,36.9078022,mall,,,"MWV5+34M, Nairobi"
Embakasi,Mihango,-1.2770102,36.9699895,mall,,,Mihango
Embakasi,Shikanga_Nbi,-1.3062221,36.9081869,mall,3.8,16.0,"MWV5+G77, Nairobi"
Embakasi,Aviators Business Park Tassia,-1.3078274,36.9035321,mall,3.8,206.0,"MWR3+VC7, Nyayo estate Gate B, bus stage, Fedha Road, Nairobi"
Embakasi,M-Pesa Generations Insight,-1.3072985,36.9084173,mall,,,"Nyayo Estate, Embakasi Village"
Embakasi,M-Pesa Apua Associate Ltd,-1.3072985,36.9084173,mall,1.0,1.0,Opposite Nyayo Estate Embakasi Village Nairobi KE
Embakasi,Xzylent Media Kenya,-1.3072977,36.9084478,mall,4.3,3.0,"Gate B, Fedha Road, Nairobi"
Embakasi,ZICNET GROUP LLC,-1.3020982,36.9103509,mall,5.0,9.0,Nairobi
Embakasi,Eds Design Collections,-1.3061039,36.8995169,mall,4.0,2.0,"MVVX+HR2, Nairobi"
Embakasi,Better Homes Services,-1.3087431,36.9084459,mall,,,"City Center, Nairobi City"
Embakasi,AMORE STORE KENYA,-1.3085209,36.90900300000001,mall,4.3,73.0,"Embakasi Road, Nairobi"
Embakasi,Eagles Furnished Apartments,-1.308534,36.909156,mall,4.8,4.0,"MWR5+HMJ, Nairobi"
Embakasi,Co-op Kwa Jirani Isabell Karungari Wanjohi,-1.3081771,36.9097891,mall,5.0,1.0,"Embakasi (Outlet 2), Nairobi"
Embakasi,Seasons Airport Hotel,-1.3083535,36.9099865,mall,3.9,425.0,"Old, 00100 Airport North Road, Nairobi"
Embakasi,Glorious Light House,-1.3032373,36.9144326,mall,,,"MWW7+PQ3, Nairobi"
Embakasi,Mambo Car Hire Ltd,-1.2973965,36.90964,mall,4.9,19.0,Nairobi
Embakasi,Viv's Cake Hut,-1.308818,36.91,mall,,,"Room 1, Block D, Ground Floor, Seasons Shopping Centre, Nyayo Estate Road, Nairobi"
Embakasi,M-Pesa Greatphones,-1.3011381,36.91228479999999,mall,4.8,4.0,Embakasi
Embakasi,PesaPoint POS Wabcom Technologies - Embakasi,-1.3037826,36.91250839999999,mall,,,"Tuskys, Embakasi, Nairobi"
Embakasi,Kikwetu Productions,-1.2963532,36.9095561,mall,4.1,18.0,"PW35+FR3, Nairobi"
Embakasi,Jemme & Rkay Beauty Inc.,-1.2924729,36.90012040000001,mall,4.0,1.0,"PW52+229, Nairobi"
Embakasi,Tumaini guest house (tassia Embakasi),-1.3005157,36.9127299,mall,4.1,64.0,"Tassia near baraka 15723, Nairobi"
Embakasi,Parklands Baptist Church Eastgate,-1.3078653,36.9120057,mall,4.5,108.0,"MWR6+VR2, Nairobi"
Embakasi,G-Craft Auto Garage,-1.3080453,36.9118956,mall,5.0,8.0,"MWR6+QQJ, Nairobi"
Embakasi,Cornelius Softwares,-1.3083998,36.9116934,mall,,,"MWR6+JMW, Embakasi Road, Nairobi"
Embakasi,M K Stage Fashions,-1.3068359,36.9142127,mall,,,"MWV7+7M8, Mbakasi Constituency,Dadora Matatu Terminus, Opposite Jamia Mosque, Nairobi, Nairobi City"
Embakasi,Shycole Fruit Corner,-1.3044172,36.91362259999999,mall,,,"MWW7+6CQ, Nairobi"
Embakasi,Tassia Faith Academy,-1.31027,36.8988871,mall,3.7,3.0,Nairobi
Embakasi,East African School Of Aviation,-1.3148379,36.9038668,mall,4.5,471.0,"Fedha Road, Nairobi"
Embakasi,NAIROBI,-1.30855,36.9120988,mall,4.4,26.0,"MWR6+HRQ, Embakasi Road, Nairobi"
Embakasi,wanandege sacco bank,-1.3097949,36.9123043,mall,4.4,12.0,"MWR6+3WM, Nairobi"
Embakasi,Tree House Media,-1.3118505,36.9082749,mall,1.0,1.0,"MWQ5+782, Embakasi Road, Nairobi"
Embakasi,colorado studio enterprise,-1.3087186,36.9123468,mall,4.5,13.0,"Airport North Road, Nairobi"
Embakasi,Lighthouse Chapel International Embakasi East,-1.308233,36.91287829999999,mall,5.0,3.0,"MWR7+P52, Embakasi Social Hall, Near Embakasi Police Station, Nairobi"
Embakasi,Detox International Laboratories,-1.3094811,36.9121913,mall,,,"MWR6+6V4, Embakasi Road, Nairobi"
Embakasi,Phoenix Equipment Limited,-1.3102649,36.89777549999999,mall,5.0,3.0,"Solidarity Street, Off Fedha Road, Nairobi"
Embakasi,"AAR Healthcare, Embakasi Outpatient Centre",-1.3094928,36.9123717,mall,3.2,30.0,"Embakasi Wanandege Sacco Building, Nairobi"
Embakasi,Tight Budget Group,-1.309681,36.9122949,mall,4.0,1.0,"wanandege plaza, embakasi, Nairobi City"
Embakasi,Aerie Gentleman Fashion,-1.309806,36.912229,mall,5.0,1.0,"MWR6+3VH, Nairobi"
Embakasi,Wex Media Ltd,-1.2947142,36.89878629999999,mall,4.2,15.0,"Oyster Village, Office Block, 1st, Nairobi"
Embakasi,Bridal Reflection,-1.2927687,36.9028777,mall,4.2,5.0,"75563-00200, Nairobi Kapiti Road, Nairobi City"
Embakasi,Co-op Kwa Jirani Vicons Kenya Limited,-1.3056,36.9147,mall,,,"14 Mubiru Road, Nairobi"
